unique_id,ds,Best-Fit,Equal-All,Equal-Best3,InverseMSE,InverseMSE-Best3
store_1,2015-07-19,0.0,18936.884727186447,16496.333333333332,4438.800517982309,2094.935561333642
store_1,2015-07-26,0.0,19940.51068138492,18849.333333333332,4702.117400071265,2385.9027022173677
store_1,2015-08-02,0.0,19681.136635583392,18255.333333333332,4634.55808965216,2312.4498838217314
store_1,2015-08-09,0.0,18821.04830406758,16259.666666666666,4409.625813562157,2065.6698480559194
store_1,2015-08-16,0.0,19352.81711540891,17511.666666666664,4549.327260309623,2220.489593226521
store_1,2015-08-23,0.0,18614.871641035956,15801.0,4356.393530152704,2008.9520713374031
store_1,2015-08-30,0.0,19555.783309520142,18007.666666666664,4603.280749476018,2281.8239331663117
store_1,2015-09-06,0.0,18613.1235494329,15819.333333333332,4356.716707831253,2011.219133633565
store_10,2015-07-19,0.0,29509.4305772108,23153.270583466427,6562.364970627035,3043.356582026626
store_10,2015-07-26,0.0,31408.959475793134,27572.937250133094,7100.139632255374,3629.617118274805
store_10,2015-08-02,0.0,31575.48837437547,27948.937250133094,7146.638901191105,3679.4928166598984
store_10,2015-08-09,0.0,29852.731558672087,23916.60391679976,6657.558492576782,3144.6113243155114
store_10,2015-08-16,0.0,31799.974742968705,28447.60391679976,7208.859325267632,3745.640019482681
store_10,2015-08-23,0.0,30736.932212979613,25954.60391679976,6906.796455475702,3414.948221413435
store_10,2015-08-30,0.0,31451.461111561945,27609.270583466427,7108.644204039563,3634.4366671435773
store_10,2015-09-06,0.0,29582.132867287135,23234.937250133094,6578.013341802074,3054.189512970197
store_11,2015-07-19,0.0,34595.07543089517,31614.735801859726,11604.327715290678,6387.671346007822
store_11,2015-07-26,0.0,36924.24379204429,31634.355107645337,12496.526534092427,6391.6404063570335
store_11,2015-08-02,0.0,35599.98358176484,31653.974413430948,11987.65514081316,6395.609466706245
store_11,2015-08-09,0.0,34095.86622862825,31673.59371921656,11409.80950036841,6399.578527055457
store_11,2015-08-16,0.0,35105.89173263452,31693.21302500217,11796.124126695142,6403.547587404669
store_11,2015-08-23,0.0,33649.48866521221,31712.83233078778,11236.57665825458,6407.5166477538805
store_11,2015-08-30,0.0,35195.94274064705,31732.45163657339,11828.608757263106,6411.485708103092
store_11,2015-09-06,0.0,34111.82538751046,31752.070942359,11411.830858412093,6415.454768452304
store_12,2015-07-19,0.0,28512.925189489964,27182.545543924425,6883.305516354807,3916.2251553594674
store_12,2015-07-26,0.0,30610.481931453818,27201.231376954584,7502.221594934276,3918.9603692661367
store_12,2015-08-02,0.0,30437.752959131954,27219.917209984742,7450.656849572787,3921.6955831728055
store_12,2015-08-09,0.0,28894.02398681009,27238.6030430149,6994.196278175469,3924.4307970794753
store_12,2015-08-16,0.0,30656.43787163109,27257.28887604506,7514.135008846211,3927.166010986144
store_12,2015-08-23,0.0,29648.99461359494,27275.974709075213,7216.055070036004,3929.901224892813
store_12,2015-08-30,0.0,30595.265641273076,27294.660542105375,7494.963285530891,3932.6364387994827
store_12,2015-09-06,0.0,29058.67952609407,27313.34637513553,7040.612205776981,3935.3716527061515
store_13,2015-07-19,0.0,24894.54084443368,21503.796321490296,4788.217007443515,2621.7028687974935
store_13,2015-07-26,0.0,27619.311836800094,21503.796321490296,5349.727766735892,2621.7028687974935
store_13,2015-08-02,0.0,26861.511400595078,21503.796321490296,5193.3847826146175,2621.7028687974935
store_13,2015-08-09,0.0,24645.568107247203,21503.796321490296,4736.478456175551,2621.7028687974935
store_13,2015-08-16,0.0,26501.481956756474,21503.796321490296,5118.893864436596,2621.7028687974935
store_13,2015-08-23,0.0,24444.96723483717,21503.796321490296,4694.850150912848,2621.7028687974935
store_13,2015-08-30,0.0,26240.45251291787,21503.796321490296,5064.8095687947,2621.7028687974935
store_13,2015-09-06,0.0,24636.652076712853,21503.796321490296,4734.082719364719,2621.7028687974935
store_14,2015-07-19,0.0,23889.47203651838,19863.551800222274,3542.259205713467,1663.1785661263177
store_14,2015-07-26,0.0,25523.136158655783,23677.88513355561,3837.177440839194,1975.695585653592
store_14,2015-08-02,0.0,25328.65742365033,23226.551800222274,3802.164671870877,1938.7168174599428
store_14,2015-08-09,0.0,23579.607260073448,19147.88513355561,3486.593241767031,1604.5423657483523
store_14,2015-08-16,0.0,25040.98566792514,22560.218466888942,3750.418502684942,1884.1226094694662
store_14,2015-08-23,0.0,23454.078361491116,18859.88513355561,3464.1095317236086,1580.9458696484166
store_14,2015-08-30,0.0,25094.171055057093,22689.218466888942,3760.1879524541046,1894.6918733475625
store_14,2015-09-06,0.0,23351.978034337357,18626.551800222274,3445.8540536620117,1561.8283380859684
store_15,2015-07-19,0.0,41543.527913304795,38843.646555980915,12253.642440054486,6933.360440887084
store_15,2015-07-26,0.0,44404.98141960948,38863.45282896157,13242.382892142261,6936.930914291286
store_15,2015-08-02,0.0,43711.57778305703,38883.25910194223,13002.182310300503,6940.501387695489
store_15,2015-08-09,0.0,41781.88843221886,38903.06537492289,12334.588395086854,6944.071861099692
store_15,2015-08-16,0.0,44563.913367094974,38922.87164790355,13295.869788548007,6947.642334503895
store_15,2015-08-23,0.0,41892.224016256805,38942.677920884205,12371.760854437476,6951.212807908097
store_15,2015-08-30,0.0,44512.6775225615,38962.48419386486,13277.185781519658,6954.783281312299
store_15,2015-09-06,0.0,41614.55960029475,38982.290466845516,12274.798775604824,6958.3537547165015
store_16,2015-07-19,0.0,43864.70751639139,42113.00456114734,22073.22640890425,14782.639794318582
store_16,2015-07-26,0.0,46494.127363719635,42113.00456114734,23541.97377801116,14782.639794318582
store_16,2015-08-02,0.0,45603.690068190735,42113.00456114734,23047.321457052614,14782.639794318582
store_16,2015-08-09,0.0,44495.82420123326,42113.00456114734,22431.38603498284,14782.639794318582
store_16,2015-08-16,0.0,46065.529762847225,42113.00456114734,23309.017737832775,14782.639794318582
store_16,2015-08-23,0.0,45061.23532446118,42113.00456114734,22750.855146450016,14782.639794318582
store_16,2015-08-30,0.0,46867.79802893229,42113.00456114734,23760.60733658144,14782.639794318582
store_16,2015-09-06,0.0,44022.6464476891,42113.00456114734,22175.602405567064,14782.639794318582
store_17,2015-07-19,0.0,40148.88601276027,37543.540645550034,6542.052571416817,3490.2999969528005
store_17,2015-07-26,0.0,43085.968891713375,37543.540645550034,7092.3716761934575,3490.2999969528005
store_17,2015-08-02,0.0,42890.90891352363,37543.540645550034,7056.169616882577,3490.2999969528005
store_17,2015-08-09,0.0,40402.277506762446,37543.540645550034,6590.476233082524,3490.2999969528005
store_17,2015-08-16,0.0,43083.50324285841,37543.540645550034,7092.883848468936,3490.2999969528005
store_17,2015-08-23,0.0,40691.44326466866,37543.540645550034,6645.274309910533,3490.2999969528005
store_17,2015-08-30,0.0,43464.24042933606,37543.540645550034,7164.829476776083,3490.2999969528005
store_17,2015-09-06,0.0,40016.03759400345,37543.540645550034,6519.447944324907,3490.2999969528005
store_18,2015-07-19,0.0,33826.40210715451,33168.74995486179,6507.45419869964,3772.690844244913
store_18,2015-07-26,0.0,35894.28349920637,33210.28490781742,6909.063950008622,3777.4278242326245
store_18,2015-08-02,0.0,35815.736319829666,33251.819860773045,6894.222242702095,3782.1648042203356
store_18,2015-08-09,0.0,33883.331997595815,33293.35481372866,6519.69397443361,3786.901784208047
store_18,2015-08-16,0.0,36278.21338964768,33334.88976668429,6984.748477075096,3791.638764195758
store_18,2015-08-23,0.0,34246.666210270974,33376.424719639916,6590.984447590028,3796.3757441834696
store_18,2015-08-30,0.0,36595.690459465695,33417.959672595534,7047.141717737965,3801.112724171181
store_18,2015-09-06,0.0,34149.714708660424,33459.49462555116,6572.969988988764,3805.8497041588926
store_19,2015-07-19,0.0,17552.048341947353,16207.260380574357,5582.555127569948,3388.7164861521774
store_19,2015-07-26,0.0,19274.247404401325,16175.5391089975,6052.115390744052,3382.0922906166984
store_19,2015-08-02,0.0,19423.73218114102,16143.817837420644,6091.928293366751,3375.468095081219
store_19,2015-08-09,0.0,17570.07410073785,16112.096565843785,5584.378357434469,3368.84389954574
store_19,2015-08-16,0.0,19005.41602033468,16080.375294266929,5975.5543259417345,3362.219704010261
store_19,2015-08-23,0.0,17938.329368502942,16048.654022690072,5682.936624290134,3355.595508474782
store_19,2015-08-30,0.0,19109.671288099773,16016.932751113214,6001.9740586617845,3348.971312939303
store_19,2015-09-06,0.0,17404.29892198232,15985.211479536358,5534.943494175806,3342.347117403824
store_2,2015-07-19,0.0,29145.663087020614,27184.07392060535,5178.323418509595,2876.849076231387
store_2,2015-07-26,0.0,31181.151636638933,27184.07392060535,5566.768875121804,2876.849076231387
store_2,2015-08-02,0.0,30825.640186257253,27184.07392060535,5499.520323383371,2876.849076231387
store_2,2015-08-09,0.0,29171.128735875576,27184.07392060535,5184.69899170036,2876.849076231387
store_2,2015-08-16,0.0,30790.04585692247,27184.07392060535,5493.751263849973,2876.849076231387
store_2,2015-08-23,0.0,29321.105835112216,27184.07392060535,5214.297472159045,2876.849076231387
store_2,2015-08-30,0.0,31219.594384730535,27184.07392060535,5576.632481617746,2876.849076231387
store_2,2015-09-06,0.0,29196.225791491714,27184.07392060535,5191.511697848857,2876.849076231387
store_20,2015-07-19,0.0,24676.23345785704,20802.86311922368,8119.0792315212975,4067.123148164863
store_20,2015-07-26,0.0,26122.579150332505,24179.86311922368,8721.918662135815,4756.681428648179
store_20,2015-08-02,0.0,26031.35341423654,23969.196452557015,8684.078659098956,4713.664862340267
store_20,2015-08-09,0.0,24945.27053528343,21437.196452557015,8231.698883141147,4196.649296398971
store_20,2015-08-16,0.0,26322.044799187468,24651.86311922368,8805.549102180059,4853.0603177178045
store_20,2015-08-23,0.0,25753.8190630915,23328.196452557015,8568.951445239833,4582.777430362237
store_20,2015-08-30,0.0,26371.593326995535,24771.86311922368,8826.539485426218,4877.563425108387
store_20,2015-09-06,0.0,24780.653305185286,21061.86311922368,8163.794465714441,4120.009021616204
store_21,2015-07-19,0.0,34385.19960018663,32541.02807473572,9068.092642653693,5583.213194996589
store_21,2015-07-26,0.0,36458.67288262938,32541.02807473572,9650.283061536238,5583.213194996589
store_21,2015-08-02,0.0,35809.146165072125,32541.02807473572,9468.948237254544,5583.213194996589
store_21,2015-08-09,0.0,34448.1908760863,32541.02807473572,9088.12987533275,5583.213194996589
store_21,2015-08-16,0.0,36582.521301386194,32541.02807473572,9687.38454863993,5583.213194996589
store_21,2015-08-23,0.0,34973.85172668608,32541.02807473572,9237.107460961524,5583.213194996589
store_21,2015-08-30,0.0,36326.46786627168,32541.02807473572,9617.170584476211,5583.213194996589
store_21,2015-09-06,0.0,34387.79829157158,32541.02807473572,9074.361976326194,5583.213194996589
store_22,2015-07-19,0.0,46969.939955513866,43978.852262611246,10573.56351179081,5934.552268474012
store_22,2015-07-26,0.0,50393.260914856946,44050.593534157306,11463.555774870778,5944.17528934353
store_22,2015-08-02,0.0,49336.58187420003,44122.334805703365,11187.9454539235,5953.798310213047
store_22,2015-08-09,0.0,47459.47426211453,44194.076077249425,10698.87672608628,5963.421331082565
store_22,2015-08-16,0.0,50155.50950717189,44265.81734879549,11399.644411510551,5973.044351952083
store_22,2015-08-23,0.0,47206.83046651497,44337.558620341544,10631.775142130336,5982.6673728216
store_22,2015-08-30,0.0,50440.579997286615,44409.29989188761,11472.444872397673,5992.290393691119
store_22,2015-09-06,0.0,47370.61524234398,44481.04116343367,10673.019589183303,6001.913414560637
store_23,2015-07-19,0.0,26365.859304107205,23972.852371161087,4993.969694663076,2799.8761863477466
store_23,2015-07-26,0.0,28566.067592002517,23972.852371161087,5428.750356995049,2799.8761863477466
store_23,2015-08-02,0.0,28168.99016561211,23972.852371161087,5349.9911560278815,2799.8761863477466
store_23,2015-08-09,0.0,26414.76988207885,23972.852371161087,5002.895301337496,2799.8761863477466
store_23,2015-08-16,0.0,28409.12102711702,23972.852371161087,5396.973530194189,2799.8761863477466
store_23,2015-08-23,0.0,26731.043600726618,23972.852371161087,5064.932774075854,2799.8761863477466
store_23,2015-08-30,0.0,28831.394745764785,23972.852371161087,5479.969507886508,2799.8761863477466
store_23,2015-09-06,0.0,26468.888747945806,23972.852371161087,5012.602340401021,2799.8761863477466
store_24,2015-07-19,0.0,20369.303681353696,17752.486897713334,3000.459846783554,1558.3253344648058
store_24,2015-07-26,0.0,22692.339166262092,23173.139670387638,3439.207954483329,2021.082693219069
store_24,2015-08-02,0.0,22074.08893688478,21730.79244306194,3322.545599622604,1898.049081645113
store_24,2015-08-09,0.0,20483.695850364602,18020.111882402907,3022.311036411585,1581.4020088499456
store_24,2015-08-16,0.0,21851.15990670157,21211.09798841054,3280.6161607674785,1853.8462974927193
store_24,2015-08-23,0.0,20642.766820181398,18391.75076108484,3052.515629169786,1613.2789301061512
store_24,2015-08-30,0.0,22354.802305089797,22386.736867092477,3375.887052796937,1954.3485925131513
store_24,2015-09-06,0.0,20421.837789998193,17876.722973100113,3010.963855401641,1569.4744690187238
store_25,2015-07-19,0.0,19741.749238108358,16745.743133194315,2958.167573586908,1347.2202764978097
store_25,2015-07-26,0.0,20646.32284770487,16745.743133194315,3084.338026946761,1347.2202764978097
store_25,2015-08-02,0.0,20630.039314444235,16745.743133194315,3082.1267556819657,1347.2202764978097
store_25,2015-08-09,0.0,19394.184352612174,16745.743133194315,2909.888369443446,1347.2202764978097
store_25,2015-08-16,0.0,20273.757962208685,16745.743133194315,3032.5734362365424,1347.2202764978097
store_25,2015-08-23,0.0,19208.617286090914,16745.743133194315,2884.1352611253046,1347.2202764978097
store_25,2015-08-30,0.0,19935.619467115994,16745.743133194315,2985.5495116138513,1347.2202764978097
store_25,2015-09-06,0.0,19186.764505283933,16745.743133194315,2881.206455695752,1347.2202764978097
store_26,2015-07-19,0.0,43127.122353105806,35934.625,12948.977585006607,6367.195903953263
store_26,2015-07-26,0.0,46008.45354678652,42637.95833333333,14008.464214485892,7558.294832581776
store_26,2015-08-02,0.0,45601.49902618153,41668.625,13858.950380856872,7386.0563599586185
store_26,2015-08-09,0.0,43569.25879129082,36906.95833333333,13111.86950105602,6539.967439249602
store_26,2015-08-16,0.0,46501.018556400115,43727.95833333333,14189.89714901985,7751.974270503966
store_26,2015-08-23,0.0,43921.921178652265,37690.291666666664,13241.753893131649,6679.15602613558
store_26,2015-08-30,0.0,46245.538086618704,43092.291666666664,14096.186312515581,7639.024212975643
store_26,2015-09-06,0.0,43465.58356601371,36585.95833333333,13074.19412747931,6482.9297332193055
store_27,2015-07-19,0.0,27474.80349526915,25939.175076747604,3342.927017598233,1838.654482659594
store_27,2015-07-26,0.0,29146.24624336075,25939.175076747604,3549.890880385655,1838.654482659594
store_27,2015-08-02,0.0,28880.688991452353,25939.175076747604,3517.5396524635144,1838.654482659594
store_27,2015-08-09,0.0,27382.131739543955,25939.175076747604,3332.8520761444242,1838.654482659594
store_27,2015-08-16,0.0,29260.717344778415,25939.175076747604,3565.408304263277,1838.654482659594
store_27,2015-08-23,0.0,26979.58866429859,25939.175076747604,3284.0345367127547,1838.654482659594
store_27,2015-08-30,0.0,29459.31712667591,25939.175076747604,3590.861574014131,1838.654482659594
store_27,2015-09-06,0.0,27426.18844619608,25939.175076747604,3340.128045232825,1838.654482659594
store_28,2015-07-19,0.0,23307.552653862433,20897.900212701916,3724.4483090638423,1896.1008229625477
store_28,2015-07-26,0.0,24802.71950228119,20897.900212701916,3998.8043595178074,1896.1008229625477
store_28,2015-08-02,0.0,24490.172064985658,20897.900212701916,3941.2367765096847,1896.1008229625477
store_28,2015-08-09,0.0,23064.481770547274,20897.900212701916,3679.2793600942136,1896.1008229625477
store_28,2015-08-16,0.0,24021.79147610889,20897.900212701916,3854.8767192264813,1896.1008229625477
store_28,2015-08-23,0.0,22963.386895956217,20897.900212701916,3660.358504773317,1896.1008229625477
store_28,2015-08-30,0.0,24342.553744374974,20897.900212701916,3913.4152040046474,1896.1008229625477
store_28,2015-09-06,0.0,23184.006307079446,20897.900212701916,3700.509249148691,1896.1008229625477
store_29,2015-07-19,0.0,31792.43941060844,29703.31536775557,7582.93852010637,4076.916662637711
store_29,2015-07-26,0.0,33592.72960839625,29720.949238929683,8085.936719873067,4079.2885365492957
store_29,2015-08-02,0.0,33583.30552046978,29738.583110103795,8083.006549037786,4081.6604104608805
store_29,2015-08-09,0.0,32346.881432543312,29756.216981277907,7737.053108933447,4084.0322843724653
store_29,2015-08-16,0.0,34320.74305890255,29773.85085245202,8288.575382767196,4086.4041582840505
store_29,2015-08-23,0.0,32961.46182811894,29791.48472362613,7908.2756844754795,4088.7760321956353
store_29,2015-08-30,0.0,34394.75202590675,29809.118594800242,8308.674422284766,4091.14790610722
store_29,2015-09-06,0.0,32629.899366551712,29826.752465974354,7814.992134465183,4093.519780018805
store_3,2015-07-19,0.0,41223.036863106485,36241.166666666664,15056.799374909015,8322.83666552872
store_3,2015-07-26,0.0,43931.95764249879,42525.5,16402.290256570173,9868.532119454952
store_3,2015-08-02,0.0,43408.008937080056,41266.5,16137.640446360418,9558.86831372221
store_3,2015-08-09,0.0,41830.62025350851,37549.5,15348.322571476727,8644.634504422289
store_3,2015-08-16,0.0,42900.649599002565,40009.83333333333,15877.562238929857,9249.778414963292
store_3,2015-08-23,0.0,41616.097772425244,36976.166666666664,15234.095538743262,8503.617362282941
store_3,2015-08-30,0.0,42980.108369247406,40122.5,15909.75614464359,9277.489923127883
store_3,2015-09-06,0.0,40230.53921470631,33670.5,14536.634584796775,7690.555153796947
store_30,2015-07-19,0.0,14963.362358134882,13842.550336920325,4202.4066938610695,2362.7010261678697
store_30,2015-07-26,0.0,15447.403604148027,13831.018078889927,4338.598127134292,2360.755626970483
store_30,2015-08-02,0.0,15523.730564446885,13819.485820859529,4360.246788717108,2358.810227773096
store_30,2015-08-09,0.0,15168.77181046003,13807.95356282913,4260.730549202049,2356.8648285757095
store_30,2015-08-16,0.0,16050.384485044604,13796.421304798732,4508.615231814585,2354.919429378323
store_30,2015-08-23,0.0,15391.711445343462,13784.889046768334,4323.773858237226,2352.974030180936
store_30,2015-08-30,0.0,16002.752691356607,13773.356788737936,4495.6445220755395,2351.028630983549
store_30,2015-09-06,0.0,15274.36536594118,13761.824530707538,4291.217699099119,2349.0832317861623
store_31,2015-07-19,0.0,33035.137408075105,30406.608150648524,5461.4826036155,2648.96514660123
store_31,2015-07-26,0.0,35660.665790512816,30427.461908143145,5952.45639016774,2650.7934668260104
store_31,2015-08-02,0.0,34835.33703009339,30448.31566563777,5797.388851211732,2652.621787050791
store_31,2015-08-09,0.0,33059.00826967397,30469.16942313239,5464.282849600137,2654.4501072755716
store_31,2015-08-16,0.0,34345.67950925454,30490.02318062701,5704.606722977045,2656.2784275003523
store_31,2015-08-23,0.0,32931.20789169226,30510.876938121633,5439.244663968214,2658.1067477251327
store_31,2015-08-30,0.0,34720.02198841569,30531.730695616254,5773.575627060369,2659.935067949913
store_31,2015-09-06,0.0,33120.693227996264,30552.584453110874,5473.60612165281,2661.7633881746933
store_32,2015-07-19,0.0,19416.142071354952,14994.740532907106,2983.7901007060705,1342.9945723178562
store_32,2015-07-26,0.0,20979.716771464005,18632.407199573772,3291.5958551740086,1669.2919023646882
store_32,2015-08-02,0.0,20595.862900144486,17726.07386624044,3215.4769149800995,1587.9941436917902
store_32,2015-08-09,0.0,19297.437600253535,14685.740532907106,2959.0553122843457,1315.2773886879274
store_32,2015-08-16,0.0,20460.440871791157,17388.740532907104,3187.89064100171,1557.735470732256
store_32,2015-08-23,0.0,19319.301286185924,14715.407199573772,2962.477040713724,1317.9384775153962
store_32,2015-08-30,0.0,20563.018843437832,17606.740532907104,3207.2247412388897,1577.2899886329826
store_32,2015-09-06,0.0,19401.593543546885,14886.07386624044,2977.8119253815094,1333.247213241959
store_33,2015-07-19,0.0,22763.662027753948,18400.794731425878,8444.207005387627,4047.7697852877745
store_33,2015-07-26,0.0,24483.94774203966,22407.794731425878,9228.120328048572,4963.222612474273
store_33,2015-08-02,0.0,23985.662027753948,21238.128064759207,9000.42420946616,4695.996593790518
store_33,2015-08-09,0.0,23155.233456325375,19293.461398092542,8621.279800420723,4251.711443320006
store_33,2015-08-16,0.0,24223.233456325375,21778.461398092542,9107.768222327182,4819.442982016897
store_33,2015-08-23,0.0,24030.94774203966,21322.794731425878,9019.59994811974,4715.3398279728135
store_33,2015-08-30,0.0,24448.090599182517,22289.128064759207,9209.314859768328,4936.111622832946
store_33,2015-09-06,0.0,22907.233456325375,18686.794731425878,8506.233956756168,4113.110316501985
store_34,2015-07-19,0.0,35619.98091831138,32687.604331021736,10177.46462464549,5391.233433578647
store_34,2015-07-26,0.0,37401.27426618489,32687.604331021736,10573.7207810459,5391.233433578647
store_34,2015-08-02,0.0,36616.28189977267,32687.604331021736,10399.400198107092,5391.233433578647
store_34,2015-08-09,0.0,35307.432390503316,32687.604331021736,10108.607509670795,5391.233433578647
store_34,2015-08-16,0.0,36645.725738376816,32687.604331021736,10406.368984002016,5391.233433578647
store_34,2015-08-23,0.0,35365.16194339318,32687.604331021736,10121.865217542403,5391.233433578647
store_34,2015-08-30,0.0,37002.74100555239,32687.604331021736,10486.168568344101,5391.233433578647
store_34,2015-09-06,0.0,35966.748639140176,32687.604331021736,10256.041743420268,5391.233433578647
store_35,2015-07-19,0.0,22339.27555095808,20261.564071828398,7574.975163296109,4145.361086721157
store_35,2015-07-26,0.0,23809.976648681753,20266.45441944318,8020.338995300156,4146.351690724753
store_35,2015-08-02,0.0,23361.34995562109,20271.246588561175,7884.249630418377,4147.3224073870715
store_35,2015-08-09,0.0,22632.396316502825,20275.94255021143,7663.232373200133,4148.2736359658775
store_35,2015-08-16,0.0,23671.973701952127,20280.544235852678,7977.9762181972,4149.205767703452
store_35,2015-08-23,0.0,22618.368637404485,20285.05353816772,7658.598943429904,4150.119185987502
store_35,2015-08-30,0.0,23539.29620343933,20289.472311841902,7937.3898666368705,4151.014266508854
store_35,2015-09-06,0.0,22829.614321821275,20293.802374325973,7722.19348649727,4151.8913774159755
store_36,2015-07-19,0.0,27523.021035947004,25494.733562247846,4807.278754394287,2623.3445970722532
store_36,2015-07-26,0.0,28766.727688073504,25494.733562247846,5046.634588583708,2623.3445970722532
store_36,2015-08-02,0.0,28625.005768771432,25494.733562247846,5019.284799098454,2623.3445970722532
store_36,2015-08-09,0.0,27463.140992326502,25494.733562247846,4795.549687004326,2623.3445970722532
store_36,2015-08-16,0.0,28882.990501595857,25494.733562247846,5068.814371883671,2623.3445970722532
store_36,2015-08-23,0.0,27713.554296579503,25494.733562247846,4843.62170173069,2623.3445970722532
store_36,2015-08-30,0.0,29192.546662991714,25494.733562247846,5128.271840126359,2623.3445970722532
store_36,2015-09-06,0.0,27792.82474368964,25494.733562247846,4858.747404107882,2623.3445970722532
store_37,2015-07-19,0.0,31812.5581363012,24827.416666666664,7127.732231816918,3214.947150656203
store_37,2015-07-26,0.0,34966.15352630253,32138.416666666664,7993.524701080951,4157.597286908982
store_37,2015-08-02,0.0,34060.60605916101,29978.083333333332,7743.199835798374,3879.0528318388024
store_37,2015-08-09,0.0,32466.77287773377,26211.75,7303.621316759002,3393.4373715953266
store_37,2015-08-16,0.0,34926.22541059225,31903.083333333332,7978.54963002381,4127.25437913556
store_37,2015-08-23,0.0,33938.39222916501,29550.75,7705.599172262214,3823.954237270067
store_37,2015-08-30,0.0,34387.55904773777,30551.416666666664,7827.771691490987,3952.976063241473
store_37,2015-09-06,0.0,32358.440152024818,25769.416666666664,7268.505359459305,3336.4047389957077
store_38,2015-07-19,0.0,47851.295840559425,44377.448564358754,9451.837024865732,5094.411899924255
store_38,2015-07-26,0.0,51006.44547924166,44387.555991004076,10124.300229195953,5095.539965999278
store_38,2015-08-02,0.0,50451.79419712408,44397.46126911649,10004.175531661613,5096.645470752802
store_38,2015-08-09,0.0,48521.05801262268,44407.168441666654,9590.052930759324,5097.728865411255
store_38,2015-08-16,0.0,51070.81005235656,44416.68147076582,10133.16804866894,5098.79059217654
store_38,2015-08-23,0.0,48574.48055184102,44426.00423928299,9598.203906079281,5099.831084406517
store_38,2015-08-30,0.0,50698.07114188105,44435.14055242983,10050.266685748773,5100.850766791897
store_38,2015-09-06,0.0,48707.583420665535,44444.09413931373,9623.369399210424,5101.850055529568
store_39,2015-07-19,0.0,27020.712070641726,22572.464615212375,7424.921052283834,3732.0671468068986
store_39,2015-07-26,0.0,28557.635734763862,26151.131281879043,7939.121769874381,4304.248736651045
store_39,2015-08-02,0.0,27989.13082745743,24817.131281879043,7748.248010738457,4090.959734922629
store_39,2015-08-09,0.0,26849.76877729385,22151.131281879043,7366.203291567321,3664.7015050815817
store_39,2015-08-16,0.0,27708.406727130277,24147.131281879043,7653.256932519431,3983.835573634744
store_39,2015-08-23,0.0,26792.330391252413,22002.131281879043,7345.987040809514,3640.878370705619
store_39,2015-08-30,0.0,27576.825483945977,23825.131281879043,7608.211420435729,3932.3520214934024
store_39,2015-09-06,0.0,26608.177719496685,21557.464615212375,7283.336195068917,3569.7820367961467
store_4,2015-07-19,0.0,27430.907000903175,25946.762645873314,6323.630963650623,3545.9349044920546
store_4,2015-07-26,0.0,29418.376197672016,26001.170415433182,6751.086283958689,3552.9643488053816
store_4,2015-08-02,0.0,29149.131108726575,26055.578184993054,6694.10494399557,3559.9937931187087
store_4,2015-08-09,0.0,27640.743162638275,26109.98595455292,6371.1235033049525,3567.023237432036
store_4,2015-08-16,0.0,29189.069502264258,26164.393724112793,6704.310399629121,3574.0526817453633
store_4,2015-08-23,0.0,28251.11012760453,26218.80149367266,6503.77977773086,3581.0821260586904
store_4,2015-08-30,0.0,29718.150752944803,26273.20926323253,6819.517509043046,3588.111570372018
store_4,2015-09-06,0.0,28106.048521142216,26327.6170327924,6474.272283117454,3595.141014685345
store_40,2015-07-19,0.0,34586.65105186933,30571.521665557702,6673.521800114929,3461.1369660400155
store_40,2015-07-26,0.0,37334.649961356794,30571.521665557702,7288.599165776003,3461.1369660400155
store_40,2015-08-02,0.0,36356.50601370139,30571.521665557702,7069.155113249769,3461.1369660400155
store_40,2015-08-09,0.0,33882.07635176028,30571.521665557702,6514.597103966495,3461.1369660400155
store_40,2015-08-16,0.0,35631.07526124774,30571.521665557702,6905.9345517736465,3461.1369660400155
store_40,2015-08-23,0.0,33921.35988502092,30571.521665557702,6522.644922337655,3461.1369660400155
store_40,2015-08-30,0.0,35788.215937365516,30571.521665557702,6940.378113349366,3461.1369660400155
store_40,2015-09-06,0.0,33876.64341828154,30571.521665557702,6511.879774643019,3461.1369660400155
store_41,2015-07-19,0.0,35499.27314701414,29497.125,14832.069097888601,6992.152151735924
store_41,2015-07-26,0.0,37197.27532803921,33416.125,15660.418524283745,7981.584374887485
store_41,2015-08-02,0.0,36675.848937635725,32156.45833333333,15403.176975658682,7663.5555944766875
store_41,2015-08-09,0.0,35470.422547232236,29300.791666666664,14811.369928295415,6942.583760187377
store_41,2015-08-16,0.0,36622.71044254303,31946.45833333333,15372.793664385641,7610.5367715979355
store_41,2015-08-23,0.0,36888.4269092824,32523.45833333333,15500.567967483115,7756.212299221936
store_41,2015-08-30,0.0,36545.286233164625,31679.791666666664,15330.53146113568,7543.211282228092
store_41,2015-09-06,0.0,35264.859842761136,28649.125,14702.039600314278,6778.0570955398225
store_42,2015-07-19,0.0,40021.373964913844,35411.00617258524,7488.652191878693,3724.4247623226497
store_42,2015-07-26,0.0,41902.10242729116,39803.67283925191,7905.882277243042,4173.474018413114
store_42,2015-08-02,0.0,41737.68803252562,39424.33950591857,7869.591626817788,4134.695899318339
store_42,2015-08-09,0.0,39513.416494902944,34238.67283925191,7376.51727358796,3604.5806104278126
store_42,2015-08-16,0.0,40763.71638585169,37160.33950591857,7653.946645971063,3903.253909079575
store_42,2015-08-23,0.0,39153.15913394329,33406.67283925191,7296.966528627804,3519.527723555617
store_42,2015-08-30,0.0,41253.03045346346,38310.67283925191,7762.792647011241,4020.8490663696184
store_42,2015-09-06,0.0,39076.90177298364,33237.33950591857,7280.394214985736,3502.2172802338714
store_43,2015-07-19,0.0,27958.569111995454,25482.070930533922,5454.6343071585015,2819.6978812885145
store_43,2015-07-26,0.0,30271.250682333513,25482.070930533922,5946.281798442726,2819.6978812885145
store_43,2015-08-02,0.0,29664.789395528715,25482.070930533922,5817.3063470621255,2819.6978812885145
store_43,2015-08-09,0.0,27802.47096586677,25482.070930533922,5421.330000655271,2819.6978812885145
store_43,2015-08-16,0.0,29255.72396477626,25482.070930533922,5730.259099893317,2819.6978812885145
store_43,2015-08-23,0.0,27604.97696368575,25482.070930533922,5379.26379381565,2819.6978812885145
store_43,2015-08-30,0.0,29512.37281973809,25482.070930533922,5784.745713584748,2819.6978812885145
store_43,2015-09-06,0.0,28224.768675790438,25482.070930533922,5510.956217444145,2819.6978812885145
store_44,2015-07-19,0.0,37937.68670665702,35049.19773538038,5592.903258134318,2865.7586962310033
store_44,2015-07-26,0.0,40878.860098151024,35049.19773538038,6092.270225397985,2865.7586962310033
store_44,2015-08-02,0.0,40243.89063250217,35049.19773538038,5984.814971663383,2865.7586962310033
store_44,2015-08-09,0.0,38039.06402399617,35049.19773538038,5610.976568224392,2865.7586962310033
store_44,2015-08-16,0.0,39961.52312977589,35049.19773538038,5937.481742736944,2865.7586962310033
store_44,2015-08-23,0.0,38091.696521269885,35049.19773538038,5620.48822837401,2865.7586962310033
store_44,2015-08-30,0.0,40767.01276990675,35049.19773538038,6074.742897739792,2865.7586962310033
store_44,2015-09-06,0.0,37885.18616140075,35049.19773538038,5586.026912496351,2865.7586962310033
store_45,2015-07-19,0.0,19784.61808568573,15727.916666666666,8114.533038696466,3882.276243088939
store_45,2015-07-26,0.0,20985.11644991692,18519.916666666664,8729.072418340977,4613.119323270743
store_45,2015-08-02,0.0,20798.329099862396,18074.916666666664,8632.603971296787,4496.634663284745
store_45,2015-08-09,0.0,20113.256035522158,16467.25,8280.755511947977,4075.8065620769094
store_45,2015-08-16,0.0,21469.754399753343,19623.25,8975.247578930976,4901.931476494449
store_45,2015-08-23,0.0,21158.96704969882,18888.916666666664,8815.226995797218,4709.709973910816
store_45,2015-08-30,0.0,21240.179699644294,19069.25,8856.11316546274,4756.914618893905
store_45,2015-09-06,0.0,20202.535206732624,16638.916666666664,8323.565775389214,4120.742591959148
store_46,2015-07-19,0.0,25089.682582577258,23917.19320158612,4317.417057810678,2258.193158839559
store_46,2015-07-26,0.0,27080.282364474748,23917.19320158612,4716.282530824421,2258.193158839559
store_46,2015-08-02,0.0,26676.739289229383,23917.19320158612,4635.966039990232,2258.193158839559
store_46,2015-08-09,0.0,25359.339071126877,23917.19320158612,4372.7432288066675,2258.193158839559
store_46,2015-08-16,0.0,26880.22456731008,23917.19320158612,4677.596511526717,2258.193158839559
store_46,2015-08-23,0.0,25259.252920636147,23917.19320158612,4353.614605338865,2258.193158839559
store_46,2015-08-30,0.0,27063.709845390782,23917.19320158612,4715.224030921743,2258.193158839559
store_46,2015-09-06,0.0,25309.02391300256,23917.19320158612,4364.479530416707,2258.193158839559
store_47,2015-07-19,0.0,27857.070093555096,24147.962533816855,11026.665756129361,5435.918088186338
store_47,2015-07-26,0.0,29147.727672617257,27136.629200483523,11633.868670311418,6153.732588944837
store_47,2015-08-02,0.0,28730.813823107987,26140.962533816855,11435.932303781465,5914.594521382307
store_47,2015-08-09,0.0,27737.471402170144,23800.29586715019,10966.203333079091,5352.415910594199
store_47,2015-08-16,0.0,28795.84326694659,26246.962533816855,11463.880900449658,5940.053478692278
store_47,2015-08-23,0.0,28817.215131723035,26273.962533816855,11472.601215357374,5946.538307441045
store_47,2015-08-30,0.0,28495.301282213768,25499.962533816855,11319.458425475417,5760.639883309745
store_47,2015-09-06,0.0,27511.530289847353,23181.629200483523,10854.24249181878,5203.825266671851
store_48,2015-07-19,0.0,34805.150845088516,28804.375,10130.640721377657,4704.218686995414
store_48,2015-07-26,0.0,36709.55001369637,33208.70833333333,10768.420998163054,5419.626423474379
store_48,2015-08-02,0.0,36061.09203944708,31656.375,10549.964641925138,5167.476735380644
store_48,2015-08-09,0.0,34085.06263662636,27006.375,9886.2364876634,4412.164699969943
store_48,2015-08-16,0.0,36169.74751951993,31831.374999999996,10584.485182516813,5195.902457143411
store_48,2015-08-23,0.0,34138.57525955635,27052.708333333332,9902.26193366375,4419.690748208086
store_48,2015-08-30,0.0,36674.11728530706,32929.70833333333,10751.729588440028,5374.307701349738
store_48,2015-09-06,0.0,35204.94502534349,29462.375,10258.002977209446,4811.099400823423
store_49,2015-07-19,0.0,24505.877086306657,21441.390046165914,3875.4682429084974,1963.4012776250152
store_49,2015-07-26,0.0,26513.158438542207,21441.390046165914,4247.351543500512,1963.4012776250152
store_49,2015-08-02,0.0,25786.439790777757,21441.390046165914,4111.996329071522,1963.4012776250152
store_49,2015-08-09,0.0,24332.14971444188,21441.390046165914,3841.654921884565,1963.4012776250152
store_49,2015-08-16,0.0,25642.43106667743,21441.390046165914,4084.2239412148233,1963.4012776250152
store_49,2015-08-23,0.0,24144.855276055838,21441.390046165914,3805.8517434514547,1963.4012776250152
store_49,2015-08-30,0.0,25534.708056862815,21441.390046165914,4063.18363522746,1963.4012776250152
store_49,2015-09-06,0.0,24246.989409098365,21441.390046165914,3823.746194417057,1963.4012776250152
store_5,2015-07-19,0.0,30693.75163446468,29735.22455166441,6529.246814319372,3768.5410254266662
store_5,2015-07-26,0.0,32049.609408556644,29773.69676245914,6799.2308491813055,3773.367732575567
store_5,2015-08-02,0.0,32224.851706556077,29811.399529037975,6834.5804286603725,3778.0979055814896
store_5,2015-08-09,0.0,30983.77083798484,29848.34824028524,6588.456465297703,3782.733475127294
store_5,2015-08-16,0.0,32566.373266174334,29884.55797730755,6903.428707328302,3787.2763332821814
store_5,2015-08-23,0.0,30972.236753760786,29920.04351958942,6587.100505571885,3791.728334273972
store_5,2015-08-30,0.0,32842.367508127674,29954.81935102565,6959.165538308222,3796.0912952459257
store_5,2015-09-06,0.0,30983.05732679654,29988.899665833156,6590.098703304119,3800.366996998441
store_50,2015-07-19,0.0,34158.66279408462,30450.780616222906,6354.832443481383,3168.224573012806
store_50,2015-07-26,0.0,35579.84818121658,30450.780616222906,6658.579376267369,3168.224573012806
store_50,2015-08-02,0.0,35383.03356834853,30450.780616222906,6616.041935736248,3168.224573012806
store_50,2015-08-09,0.0,33532.93324119477,30450.780616222906,6219.668273026168,3168.224573012806
store_50,2015-08-16,0.0,34757.69005689815,30450.780616222906,6481.375561338287,3168.224573012806
store_50,2015-08-23,0.0,33194.8754440301,30450.780616222906,6146.486789564169,3168.224573012806
store_50,2015-08-30,0.0,35208.775116876335,30450.780616222906,6577.086438657121,3168.224573012806
store_50,2015-09-06,0.0,33389.38907543686,30450.780616222906,6187.286247628409,3168.224573012806
store_51,2015-07-19,0.0,38416.798443578315,35570.81723348935,5119.365632572317,2660.2386326767514
store_51,2015-07-26,0.0,40804.10378708976,35570.81723348935,5486.903998328951,2660.2386326767514
store_51,2015-08-02,0.0,40234.98055917264,35570.81723348935,5399.688209601142,2660.2386326767514
store_51,2015-08-09,0.0,38130.571616969806,35570.81723348935,5076.316687689263,2660.2386326767514
store_51,2015-08-16,0.0,40759.7341033384,35570.81723348935,5481.057217424741,2660.2386326767514
store_51,2015-08-23,0.0,38199.61087542128,35570.81723348935,5087.588292623016,2660.2386326767514
store_51,2015-08-30,0.0,40855.91621893273,35570.81723348935,5496.5039027814,2660.2386326767514
store_51,2015-09-06,0.0,38142.07870530133,35570.81723348935,5079.390838321532,2660.2386326767514
store_52,2015-07-19,0.0,15804.056420192821,15196.253784521163,4157.097428242772,2451.6926808932794
store_52,2015-07-26,0.0,16563.718361305146,15196.253784521163,4359.549166486957,2451.6926808932794
store_52,2015-08-02,0.0,16558.66601670318,15196.253784521163,4358.578846990085,2451.6926808932794
store_52,2015-08-09,0.0,15847.185100672647,15196.253784521163,4169.691083904661,2451.6926808932794
store_52,2015-08-16,0.0,16958.4184703564,15196.253784521163,4465.664526632451,2451.6926808932794
store_52,2015-08-23,0.0,15989.937554325863,15196.253784521163,4208.412055555965,2451.6926808932794
store_52,2015-08-30,0.0,16945.456638295327,15196.253784521163,4462.963857533194,2451.6926808932794
store_52,2015-09-06,0.0,16067.404293693366,15196.253784521163,4229.766339296253,2451.6926808932794
store_53,2015-07-19,0.0,54546.76434909368,51427.037934144806,13739.171317621369,7548.282820518758
store_53,2015-07-26,0.0,56657.36958355388,51427.037934144806,14368.073811692895,7548.282820518758
store_53,2015-08-02,0.0,57042.11767515693,51427.037934144806,14482.869116192425,7548.282820518758
store_53,2015-08-09,0.0,55327.43719533141,51427.037934144806,13972.275855345537,7548.282820518758
store_53,2015-08-16,0.0,58378.04242979161,51427.037934144806,14881.19037717832,7548.282820518758
store_53,2015-08-23,0.0,55180.790521394665,51427.037934144806,13928.961124825913,7548.282820518758
store_53,2015-08-30,0.0,58173.96718442629,51427.037934144806,14820.768528853221,7548.282820518758
store_53,2015-09-06,0.0,54905.71527602934,51427.037934144806,13847.389431850761,7548.282820518758
store_54,2015-07-19,0.0,18894.72318091755,18030.817193133313,3747.7731943230456,2082.861673841705
store_54,2015-07-26,0.0,20582.953279063677,18030.817193133313,4079.3252836048337,2082.861673841705
store_54,2015-08-02,0.0,20384.611948638376,18030.817193133313,4040.38542567558,2082.861673841705
store_54,2015-08-09,0.0,19115.27061821308,18030.817193133313,3791.1185854472824,2082.861673841705
store_54,2015-08-16,0.0,20589.357859216347,18030.817193133313,4080.6165001970885,2082.861673841705
store_54,2015-08-23,0.0,19171.730814505336,18030.817193133313,3802.2287572575187,2082.861673841705
store_54,2015-08-30,0.0,20719.960912651462,18030.817193133313,4106.287123362961,2082.861673841705
store_54,2015-09-06,0.0,19078.476725083307,18030.817193133313,3783.9374781608053,2082.861673841705
store_55,2015-07-19,0.0,35502.1181489361,32978.96524828092,5215.897900636963,2697.9354497278064
store_55,2015-07-26,0.0,38188.39404860894,32978.96524828092,5652.073099343664,2697.9354497278064
store_55,2015-08-02,0.0,37465.81280542465,32978.96524828092,5534.374195708132,2697.9354497278064
store_55,2015-08-09,0.0,35822.94584795464,32978.96524828092,5267.146460990183,2697.9354497278064
store_55,2015-08-16,0.0,37291.79317619891,32978.96524828092,5505.5127962252345,2697.9354497278064
store_55,2015-08-23,0.0,35879.211933014616,32978.96524828092,5275.702086608941,2697.9354497278064
store_55,2015-08-30,0.0,38174.91640411603,32978.96524828092,5648.416896588641,2697.9354497278064
store_55,2015-09-06,0.0,35694.33516093173,32978.96524828092,5245.076609019513,2697.9354497278064
store_56,2015-07-19,0.0,21853.330764092698,17952.710714180677,4707.772983558303,2230.1927036246843
store_56,2015-07-26,0.0,23702.642650679394,17952.710714180677,4935.395855741946,2230.1927036246843
store_56,2015-08-02,0.0,23291.525965837518,17952.710714180677,4884.412996611565,2230.1927036246843
store_56,2015-08-09,0.0,21347.694995281356,17952.710714180677,4644.517738361665,2230.1927036246843
store_56,2015-08-16,0.0,22330.57831043948,17952.710714180677,4765.3502572355965,2230.1927036246843
store_56,2015-08-23,0.0,21250.31876845475,17952.710714180677,4631.893199440305,2230.1927036246843
store_56,2015-08-30,0.0,22579.630655041445,17952.710714180677,4795.424251995366,2230.1927036246843
store_56,2015-09-06,0.0,21284.51397019957,17952.710714180677,4635.485299496396,2230.1927036246843
store_57,2015-07-19,0.0,27755.016241230987,25692.18038984431,3554.191626531062,1894.7142944306133
store_57,2015-07-26,0.0,29639.0026790892,25712.957905152158,3829.5662162914577,1896.2151219881723
store_57,2015-08-02,0.0,29809.131974090273,25733.73542046,3854.284316724648,1897.7159495457315
store_57,2015-08-09,0.0,27614.689840519917,25754.512935767845,3533.1771098856943,1899.2167771032905
store_57,2015-08-16,0.0,29353.104849806703,25775.290451075693,3787.2614635350274,1900.7176046608497
store_57,2015-08-23,0.0,27883.51985909349,25796.067966383536,3572.1666787054296,1902.218432218409
store_57,2015-08-30,0.0,29705.077725523133,25816.84548169138,3838.4109120570574,1903.719259775968
store_57,2015-09-06,0.0,27820.34987766706,25837.622996999227,3562.600301772358,1905.2200873335273
store_58,2015-07-19,0.0,25165.800352502643,23300.903112582506,6197.36503645935,3424.4801709802455
store_58,2015-07-26,0.0,26335.213656755644,23300.903112582506,6535.54829650265,3424.4801709802455
store_58,2015-08-02,0.0,26400.34124672293,23300.903112582506,6554.7014143272245,3424.4801709802455
store_58,2015-08-09,0.0,25414.897408118784,23300.903112582506,6270.342544328188,3424.4801709802455
store_58,2015-08-16,0.0,26783.310712371782,23300.903112582506,6666.017264670412,3424.4801709802455
store_58,2015-08-23,0.0,25355.009730910497,23300.903112582506,6253.7161642861165,3424.4801709802455
store_58,2015-08-30,0.0,27075.565892306353,23300.903112582506,6751.125593628232,3424.4801709802455
store_58,2015-09-06,0.0,25194.693482273637,23300.903112582506,6208.075788127647,3424.4801709802455
store_59,2015-07-19,0.0,31277.131636348066,28510.528525524627,6544.658040217333,3675.125861950766
store_59,2015-07-26,0.0,33323.46533318558,28510.528525524627,6966.671157399358,3675.125861950766
store_59,2015-08-02,0.0,33059.22760145167,28510.528525524627,6912.065936683091,3675.125861950766
store_59,2015-08-09,0.0,31571.132726860607,28510.528525524627,6605.006820778581,3675.125861950766
store_59,2015-08-16,0.0,33301.46642369812,28510.528525524627,6961.836324542093,3675.125861950766
store_59,2015-08-23,0.0,31472.942977678493,28510.528525524627,6584.554536496391,3675.125861950766
store_59,2015-08-30,0.0,33549.990960230294,28510.528525524627,7012.9033123063455,3675.125861950766
store_59,2015-09-06,0.0,31365.46751421066,28510.528525524627,6562.186820535991,3675.125861950766
store_6,2015-07-19,0.0,25225.050039889913,23233.4679047813,6651.299957848871,3670.470716017181
store_6,2015-07-26,0.0,26601.161509767495,23244.412479533832,7037.635788189158,3672.187193557177
store_6,2015-08-02,0.0,25799.27297964508,23255.35705428636,6812.204781953661,3673.9036710971723
store_6,2015-08-09,0.0,25007.67016380838,23266.30162903889,6589.662875300577,3675.620148637168
store_6,2015-08-16,0.0,25154.353062257393,23277.246203791423,6630.671052776427,3677.336626177163
store_6,2015-08-23,0.0,24634.607389277833,23288.190778543954,6484.489653141822,3679.0531037171586
store_6,2015-08-30,0.0,25721.718859155415,23299.135353296482,6789.649810492943,3680.7695812571537
store_6,2015-09-06,0.0,25210.544614747287,23310.079928049014,6645.875993843681,3682.4860587971493
store_60,2015-07-19,0.0,24090.771320568107,22391.72341211439,6410.968055082083,3569.640843422181
store_60,2015-07-26,0.0,25310.005161622285,22412.859372029605,6741.792172312841,3573.0301383459077
store_60,2015-08-02,0.0,25044.381859819317,22433.995331944825,6669.4434666188745,3576.4194332696343
store_60,2015-08-09,0.0,24071.47284373064,22455.13129186004,6405.050442443062,3579.808728193361
store_60,2015-08-16,0.0,25312.99239907053,22476.267251775258,6741.925643027318,3583.1980231170874
store_60,2015-08-23,0.0,24130.369097267565,22497.40321169048,6420.590372935256,3586.5873180408144
store_60,2015-08-30,0.0,25486.31722403603,22518.5391716057,6788.535559199972,3589.9766129645404
store_60,2015-09-06,0.0,24103.83677937592,22539.675131520915,6412.934483905708,3593.3659078882674
store_61,2015-07-19,0.0,34090.79409919045,26857.218038060157,16512.63536241897,8256.07289611742
store_61,2015-07-26,0.0,36540.39358207761,32547.81530474598,17927.654439420603,9998.049713662364
store_61,2015-08-02,0.0,35826.27877925049,30856.412571431807,17512.10914199065,9480.336748249167
store_61,2015-08-09,0.0,34652.306833566225,28092.009838117632,16830.484790948525,8634.169822240725
store_61,2015-08-16,0.0,37204.33488788196,34021.60710480345,18304.770311392203,10449.306468846491
store_61,2015-08-23,0.0,36902.79151362627,33292.87103815595,18127.943966069106,10226.273540152479
store_61,2015-08-30,0.0,36439.819567942,32187.468304841772,17857.71304461002,9887.93990457042
store_61,2015-09-06,0.0,34865.70476511488,28489.39890486093,16944.561067234335,8755.97007591293
store_62,2015-07-19,0.0,28268.937031754438,27506.354346358316,6174.929157757472,3671.5545558522963
store_62,2015-07-26,0.0,32860.0079150696,27506.354346358316,7128.851354371221,3671.5545558522963
store_62,2015-08-02,0.0,32030.507369813324,27506.354346358316,6956.953800861651,3671.5545558522963
store_62,2015-08-09,0.0,29766.578253128482,27506.354346358316,6487.1341487070185,3671.5545558522963
store_62,2015-08-16,0.0,32342.7919935865,27506.354346358316,7022.582759095296,3671.5545558522963
store_62,2015-08-23,0.0,30830.005734044513,27506.354346358316,6708.770914397663,3671.5545558522963
store_62,2015-08-30,0.0,32946.219474502526,27506.354346358316,7148.680319762825,3671.5545558522963
store_62,2015-09-06,0.0,29844.290357817685,27506.354346358316,6504.813159326952,3671.5545558522963
store_63,2015-07-19,0.0,21236.05208833369,19497.658435119578,10080.908797773682,6052.501925488791
store_63,2015-07-26,0.0,22901.939907326778,19499.933575111085,10405.4781265876,6053.150217477832
store_63,2015-08-02,0.0,22199.50643686894,19502.125706383766,10277.165132437995,6053.774856466338
store_63,2015-08-09,0.0,21032.467260638063,19504.23785751935,10059.997828716736,6054.376705436491
store_63,2015-08-16,0.0,22117.252200669973,19506.272946601443,10273.411018529065,6054.956595884478
store_63,2015-08-23,0.0,21003.148176229115,19508.233785247066,10066.342033410929,6055.515328969257
store_63,2015-08-30,0.0,21623.013491187572,19510.123082491107,10190.830484834043,6056.053676619424
store_63,2015-09-06,0.0,21243.849264200555,19511.943448529033,10124.274116247025,6056.572382599677
store_64,2015-07-19,0.0,32709.474693644064,30459.059272446837,6625.622649027507,3619.6645000566987
store_64,2015-07-26,0.0,34634.812326442865,30474.4654029214,7079.526004866928,3621.449101342422
store_64,2015-08-02,0.0,33705.57853067024,30489.87153339596,6859.878257718882,3623.233702628145
store_64,2015-08-09,0.0,32307.201877754756,30505.277663870518,6529.533792413953,3625.0183039138683
store_64,2015-08-16,0.0,33073.11093912499,30520.68379434508,6709.863894732891,3626.802905199591
store_64,2015-08-23,0.0,32605.448571923793,30536.08992481964,6599.126347452351,3628.5875064853144
store_64,2015-08-30,0.0,33806.500490436876,30551.4960552942,6882.130689572102,3630.372107771037
store_64,2015-09-06,0.0,32868.55240894997,30566.90218576876,6660.426760996659,3632.15670905676
store_65,2015-07-19,0.0,28450.745662868045,23027.805083587777,13189.46659138348,6721.133607127913
store_65,2015-07-26,0.0,30257.498738989656,27230.002464767218,14272.389177539515,8037.481644803191
store_65,2015-08-02,0.0,29910.39467225413,26406.53317927999,14062.1384607649,7779.059341146543
store_65,2015-08-09,0.0,28932.433462661455,24111.06389379276,13473.121855170108,7059.39237161991
store_65,2015-08-16,0.0,30034.757967354497,26669.594608305535,14133.106353062494,7860.704755444442
store_65,2015-08-23,0.0,30726.65390061897,28270.45865615164,14546.670017943023,8361.936540300567
store_65,2015-08-30,0.0,30887.835548169154,28632.989370664414,14641.59344800314,8475.142072052755
store_65,2015-09-06,0.0,29008.302910005055,24233.853418510524,13511.274413888397,7096.300490591004
store_66,2015-07-19,0.0,20410.472511981676,17678.666666666664,7857.033428111844,4306.352530650182
store_66,2015-07-26,0.0,21571.386361490946,20379.333333333332,8537.656331986518,5096.238135101784
store_66,2015-08-02,0.0,21599.0144967145,20435.666666666664,8552.787407449432,5112.714396167239
store_66,2015-08-09,0.0,20909.92834622377,18819.666666666664,8147.047122375121,4640.0699367274265
store_66,2015-08-16,0.0,21410.84219573304,19980.333333333332,8440.102618300427,4979.539410277226
store_66,2015-08-23,0.0,21308.756045242306,19734.0,8379.062436962902,4907.492327866743
store_66,2015-08-30,0.0,21146.384180465862,19347.0,8282.62107680403,4794.303339127135
store_66,2015-09-06,0.0,19935.583744260846,16513.666666666664,7570.517983541171,3965.6156524030403
store_67,2015-07-19,0.0,29904.18125413349,26487.977633690614,7015.070430479461,3613.2355450592786
store_67,2015-07-26,0.0,31842.943522399575,26487.977633690614,7563.968266072232,3613.2355450592786
store_67,2015-08-02,0.0,30974.848647808518,26487.977633690614,7317.496479256207,3613.2355450592786
store_67,2015-08-09,0.0,29474.468058931747,26487.977633690614,6891.856026480221,3613.2355450592786
store_67,2015-08-16,0.0,30889.658898626403,26487.977633690614,7292.391195840894,3613.2355450592786
store_67,2015-08-23,0.0,29293.421166892487,26487.977633690614,6839.588028455976,3613.2355450592786
store_67,2015-08-30,0.0,31552.040578015716,26487.977633690614,7479.122701618641,3613.2355450592786
store_67,2015-09-06,0.0,29962.659989138945,26487.977633690614,7028.262619630487,3613.2355450592786
store_68,2015-07-19,0.0,27189.37349631047,24522.75,8739.754186748569,4742.752168316908
store_68,2015-07-26,0.0,27912.806429789205,26208.416666666664,9045.48252553911,5089.087676158604
store_68,2015-08-02,0.0,27537.81079183937,25331.083333333332,8886.678309954865,4908.831584278172
store_68,2015-08-09,0.0,26612.958011032388,23170.75,8495.335948735486,4464.971503929737
store_68,2015-08-16,0.0,27179.10523022541,24489.416666666664,8734.547140645207,4735.903532607165
store_68,2015-08-23,0.0,26483.25244941843,22863.416666666664,8440.05036203251,4401.827082685908
store_68,2015-08-30,0.0,27168.97109718288,24461.083333333332,8729.829085222202,4730.0821922538835
store_68,2015-09-06,0.0,27001.1183163759,24067.083333333332,8658.626925021419,4649.131318164724
store_69,2015-07-19,0.0,15815.62802574423,14850.951398492267,4009.68953087336,2326.921522726285
store_69,2015-07-26,0.0,16669.562594991778,14850.951398492267,4266.081857016084,2326.921522726285
store_69,2015-08-02,0.0,16416.21144995361,14850.951398492267,4190.515484277023,2326.921522726285
store_69,2015-08-09,0.0,15751.0031620583,14850.951398492267,3991.476407515747,2326.921522726285
store_69,2015-08-16,0.0,16641.22344559156,14850.951398492267,4258.747008657307,2326.921522726285
store_69,2015-08-23,0.0,15775.586586267676,14850.951398492267,3999.6204522764788,2326.921522726285
store_69,2015-08-30,0.0,16712.949726943796,14850.951398492267,4281.0242453456585,2326.921522726285
store_69,2015-09-06,0.0,15834.884296191341,14850.951398492267,4018.1716656384588,2326.921522726285
store_7,2015-07-19,0.0,32986.90247122677,28295.25589342226,15424.596419262216,8027.527945041496
store_7,2015-07-26,0.0,34933.552416701146,32836.922560088926,16619.896676953784,9489.77265592986
store_7,2015-08-02,0.0,34593.916647889804,32043.922560088926,16411.292249590253,9234.456680355299
store_7,2015-08-09,0.0,33285.995164792745,28991.589226755597,15608.107345139522,8251.72091392559
store_7,2015-08-16,0.0,34767.21653883855,32447.25589342226,16517.608960997204,9364.314742753457
store_7,2015-08-23,0.0,34718.43791288435,32332.922560088926,16487.60675425178,9327.503738288524
store_7,2015-08-30,0.0,34791.08785835872,32501.922560088926,16532.168342951045,9381.91533964048
store_7,2015-09-06,0.0,33183.88066097595,28751.25589342226,15545.205613257223,8174.342680050325
store_70,2015-07-19,0.0,37086.0003192831,33403.95748799645,7819.956822378717,4193.312927378836
store_70,2015-07-26,0.0,40441.390720515854,33419.15850054209,8600.269740667172,4195.243957893937
store_70,2015-08-02,0.0,39529.352550320036,33434.35951308772,8386.792349916415,4197.174988409037
store_70,2015-08-09,0.0,37655.885808695646,33449.560525633366,7949.419378694516,4199.106018924136
store_70,2015-08-16,0.0,40527.847638499836,33464.761538179,8617.152409269103,4201.0370494392355
store_70,2015-08-23,0.0,38409.23803973259,33479.96255072464,8122.691055270312,4202.968079954336
store_70,2015-08-30,0.0,40436.19986953677,33495.16356327028,8593.642160363948,4204.899110469436
store_70,2015-09-06,0.0,37668.447413626665,33510.36457581592,7948.009704186725,4206.830140984535
store_71,2015-07-19,0.0,25261.847492880173,21226.333333333332,9144.573371612281,4533.727165112053
store_71,2015-07-26,0.0,26484.577045770035,24078.0,9671.840500708042,5147.091335688463
store_71,2015-08-02,0.0,26630.592312945606,24417.333333333332,9734.717308589672,5220.078445641331
store_71,2015-08-09,0.0,25343.750437264036,21413.333333333332,9179.598239892059,4573.94894181496
store_71,2015-08-16,0.0,26789.33713301104,24785.0,9802.984368734942,5299.159764185548
store_71,2015-08-23,0.0,26566.20954304375,24263.0,9706.648679599546,5186.882932961392
store_71,2015-08-30,0.0,27273.224810219326,25911.333333333332,10011.486584921522,5541.422479834606
store_71,2015-09-06,0.0,25412.811505966325,21569.0,9208.98432136193,4607.4312407815505
store_72,2015-07-19,0.0,30406.81631059776,27746.01159495711,4866.669902891868,2611.1238352145174
store_72,2015-07-26,0.0,32571.056223356754,27746.01159495711,5252.157475465485,2611.1238352145174
store_72,2015-08-02,0.0,31592.724707544323,27746.01159495711,5077.983892419831,2611.1238352145174
store_72,2015-08-09,0.0,29565.250334589036,27746.01159495711,4716.968254329722,2611.1238352145174
store_72,2015-08-16,0.0,31606.490247348032,27746.01159495711,5080.550733031705,2611.1238352145174
store_72,2015-08-23,0.0,30083.44444582131,27746.01159495711,4809.36887712596,2611.1238352145174
store_72,2015-08-30,0.0,32058.11293000888,27746.01159495711,5161.095637193586,2611.1238352145174
store_72,2015-09-06,0.0,30287.781414196448,27746.01159495711,4845.874620437902,2611.1238352145174
store_73,2015-07-19,0.0,40406.6837831932,34948.416666666664,13425.000023332937,6090.847825178487
store_73,2015-07-26,0.0,43322.54092605034,41681.08333333333,14475.510712113577,7297.881764655356
store_73,2015-08-02,0.0,42725.39806890748,40216.75,14258.74856559459,7035.355767223835
store_73,2015-08-09,0.0,41006.25521176463,36134.416666666664,13637.238306008087,6303.474162274175
store_73,2015-08-16,0.0,41090.96949747891,36261.08333333333,13666.447988324247,6326.182989732399
store_73,2015-08-23,0.0,40265.826640336054,34264.75,13367.437562144481,5968.279916976336
store_73,2015-08-30,0.0,40412.112354621764,34535.08333333333,13418.858402689839,6016.745335577967
store_73,2015-09-06,0.0,38770.826640336054,30634.416666666664,12825.434178451156,5317.432970009181
store_74,2015-07-19,0.0,18522.198806844768,18345.47151622558,7684.544450349597,4895.671040338504
store_74,2015-07-26,0.0,19379.909821021432,18345.47151622558,8016.5331253875265,4895.671040338504
store_74,2015-08-02,0.0,19105.763692340952,18345.47151622558,7910.602145859675,4895.671040338504
store_74,2015-08-09,0.0,18315.61756366047,18345.47151622558,7605.028885340836,4895.671040338504
store_74,2015-08-16,0.0,18927.757149265708,18345.47151622558,7842.005079475246,4895.671040338504
store_74,2015-08-23,0.0,19060.753877728086,18345.47151622558,7893.599155546596,4895.671040338504
store_74,2015-08-30,0.0,19525.607749047605,18345.47151622558,8073.589969918628,4895.671040338504
store_74,2015-09-06,0.0,18542.74733465284,18345.47151622558,7693.454849749501,4895.671040338504
store_75,2015-07-19,0.0,23321.39076379258,22392.293779638167,24713.60593838521,19421.502994494673
store_75,2015-07-26,0.0,25455.137764883093,22392.293779638167,25912.399539399525,19421.502994494673
store_75,2015-08-02,0.0,24730.17048025932,22392.293779638167,25497.2144813395,19421.502994494673
store_75,2015-08-09,0.0,22884.20319563555,22392.293779638167,24449.13298943028,19421.502994494673
store_75,2015-08-16,0.0,24734.52162529749,22392.293779638167,25487.90791773441,19421.502994494673
store_75,2015-08-23,0.0,23391.125769245144,22392.293779638167,24723.569213423183,19421.502994494673
store_75,2015-08-30,0.0,25130.15848462137,22392.293779638167,25699.51422940814,19421.502994494673
store_75,2015-09-06,0.0,23108.762628569024,22392.293779638167,24552.388921930316,19421.502994494673
store_76,2015-07-19,0.0,36201.249999134605,32847.44338220467,9125.941366233745,4769.356929363455
store_76,2015-07-26,0.0,38588.63066964935,32857.858330962976,9684.799552649689,4770.838755554885
store_76,2015-08-02,0.0,37728.35063348499,32868.064964136734,9482.80337338436,4772.290942859324
store_76,2015-08-09,0.0,36141.84024777464,32878.06744836983,9110.663151792503,4773.714084101775
store_76,2015-08-16,0.0,37713.52983393446,32887.86986696666,9478.407164809334,4775.108760249804
store_76,2015-08-23,0.0,35941.70682123521,32897.476221559,9062.841379265827,4776.47554065069
store_76,2015-08-30,0.0,38428.94431893094,32906.890433739616,9645.065077082292,4777.814983263866
store_76,2015-09-06,0.0,36628.95825980221,32916.11634666317,9222.890524185581,4779.127634888682
store_77,2015-07-19,0.0,22608.141860543004,20615.9137051347,9849.188802174733,5592.598218110226
store_77,2015-07-26,0.0,23665.139530323035,20622.490965155786,10387.426115551549,5594.382267687121
store_77,2015-08-02,0.0,23072.85148581735,20629.068225176878,10084.285581397808,5596.1663172640165
store_77,2015-08-09,0.0,22171.706298454526,20635.645485197965,9623.582560768446,5597.9503668409125
store_77,2015-08-16,0.0,22643.703968234557,20642.222745219056,9863.383989724505,5599.734416417808
store_77,2015-08-23,0.0,22360.13020944316,20648.800005240148,9717.733063930533,5601.518465994703
store_77,2015-08-30,0.0,22953.69930779462,20655.37726526124,10019.553769478061,5603.302515571599
store_77,2015-09-06,0.0,22497.411263288934,20661.954525282326,9785.793201617009,5605.086565148495
store_78,2015-07-19,0.0,21595.53748540009,20435.638356518786,4789.9037205085815,2871.8866557314323
store_78,2015-07-26,0.0,22440.65853229213,20435.638356518786,4936.688409178735,2871.8866557314323
store_78,2015-08-02,0.0,22304.493864898453,20435.638356518786,4913.150684212214,2871.8866557314323
store_78,2015-08-09,0.0,21567.900626076207,20435.638356518786,4785.396173030096,2871.8866557314323
store_78,2015-08-16,0.0,22496.164530111106,20435.638356518786,4946.612022675144,2871.8866557314323
store_78,2015-08-23,0.0,21771.571291288856,20435.638356518786,4820.940359468783,2871.8866557314323
store_78,2015-08-30,0.0,22923.120909609468,20435.638356518786,5020.912058948467,2871.8866557314323
store_78,2015-09-06,0.0,21713.95624221579,20435.638356518786,4811.1330108162665,2871.8866557314323
store_79,2015-07-19,0.0,26975.15763589446,24528.25076874101,5014.722218102993,2559.2914582349995
store_79,2015-07-26,0.0,28417.93257884696,24540.94192061747,5334.307937765583,2560.6327642894885
store_79,2015-08-02,0.0,27838.99323608518,24553.633072493925,5205.461300568819,2561.974070343977
store_79,2015-08-09,0.0,26604.76817903769,24566.324224370386,4931.267064381533,2563.315376398466
store_79,2015-08-16,0.0,27561.828836275905,24579.01537624684,5143.117480672034,2564.6566824529546
store_79,2015-08-23,0.0,26392.460922085556,24591.706528123297,4883.309076170314,2565.997988507443
store_79,2015-08-30,0.0,27774.521579323777,24604.397679999754,5189.427882911394,2567.339294561932
store_79,2015-09-06,0.0,26801.01080799057,24617.08883187621,4973.062155151773,2568.6806006164206
store_8,2015-07-19,0.0,33543.71185973712,30019.35057348331,8902.33166618171,4697.435071611937
store_8,2015-07-26,0.0,35724.41633083854,30019.35057348331,9587.233194445913,4697.435071611937
store_8,2015-08-02,0.0,35622.26365908281,30019.35057348331,9554.43485378273,4697.435071611937
store_8,2015-08-09,0.0,33432.253844469946,30019.35057348331,8865.242046012303,4697.435071611937
store_8,2015-08-16,0.0,35899.52974414279,30019.35057348331,9640.23781314186,4697.435071611937
store_8,2015-08-23,0.0,34166.9485009585,30019.35057348331,9094.854453450625,4697.435071611937
store_8,2015-08-30,0.0,36051.081543488486,30019.35057348331,9686.517876089469,4697.435071611937
store_8,2015-09-06,0.0,33580.92887173276,30019.35057348331,8909.251886656552,4697.435071611937
store_80,2015-07-19,0.0,31827.188299949084,27002.313412349387,11826.493072812413,5950.330662635284
store_80,2015-07-26,0.0,33504.45656603414,30911.646745682723,12567.799961889206,6815.39613702495
store_80,2015-08-02,0.0,32849.43911783349,29378.980079016055,12277.86750726033,6476.2444443882105
store_80,2015-08-09,0.0,31595.56452677569,26448.980079016055,11723.145433078947,5827.887902788179
store_80,2015-08-16,0.0,32486.547078575037,28523.646745682723,12116.78961556772,6286.974491516119
store_80,2015-08-23,0.0,31816.67248751724,26956.313412349387,11820.287952820174,5940.15168621426
store_80,2015-08-30,0.0,33904.36932503087,31823.313412349387,12743.0692161752,7017.131647977861
store_80,2015-09-06,0.0,32683.78044825879,28970.980079016055,12203.064694798144,6385.961349175646
store_81,2015-07-19,0.0,23222.597108042206,21355.360173218072,5385.055710901985,2976.402037584522
store_81,2015-07-26,0.0,25628.896998990953,21355.360173218072,5997.892808324424,2976.402037584522
store_81,2015-08-02,0.0,24753.911175653982,21355.360173218072,5775.108538533223,2976.402037584522
store_81,2015-08-09,0.0,23270.782495174157,21355.360173218072,5397.452913427099,2976.402037584522
store_81,2015-08-16,0.0,24430.510957551473,21355.360173218072,5692.834655792451,2976.402037584522
store_81,2015-08-23,0.0,23540.953705643078,21355.360173218072,5466.339585380597,2976.402037584522
store_81,2015-08-30,0.0,24560.96788230611,21355.360173218072,5726.141298265565,2976.402037584522
store_81,2015-09-06,0.0,23247.98205896914,21355.360173218072,5391.814727465307,2976.402037584522
store_82,2015-07-19,0.0,19031.399644089663,17606.700950713028,4446.770583135796,2440.4161878594223
store_82,2015-07-26,0.0,19645.927452159453,17606.700950713028,4591.632902100611,2440.4161878594223
store_82,2015-08-02,0.0,19508.169545943532,17606.700950713028,4559.296116116833,2440.4161878594223
store_82,2015-08-09,0.0,18833.98306829904,17606.700950713028,4400.604860121286,2440.4161878594223
store_82,2015-08-16,0.0,19717.22516208312,17606.700950713028,4608.76218789892,2440.4161878594223
store_82,2015-08-23,0.0,19173.038684438627,17606.700950713028,4480.692121706492,2440.4161878594223
store_82,2015-08-30,0.0,20013.42363536556,17606.700950713028,4678.754551746835,2440.4161878594223
store_82,2015-09-06,0.0,19103.380014863927,17606.700950713028,4464.507708537059,2440.4161878594223
store_83,2015-07-19,0.0,28162.51480364204,25504.86787516476,3628.1878185668547,1923.7677807289251
store_83,2015-07-26,0.0,30701.23004041174,25494.2034276274,3977.9567326191436,1922.97664761868
store_83,2015-08-02,0.0,30323.802420038584,25483.53898009003,3925.364579593964,1922.1855145084348
store_83,2015-08-09,0.0,28075.66051395114,25472.874532552665,3614.6566095218327,1921.3943813981896
store_83,2015-08-16,0.0,29688.518607863698,25462.2100850153,3836.678397932174,1920.6032482879446
store_83,2015-08-23,0.0,27953.948130347686,25451.545637477935,3596.8315475457084,1919.8121151776995
store_83,2015-08-30,0.0,30108.234795688815,25440.88118994057,3893.5581046928155,1919.020982067454
store_83,2015-09-06,0.0,28021.80717531566,25430.2167424032,3605.163010137839,1918.229848957209
store_84,2015-07-19,0.0,35467.15105207804,33388.60945230425,8956.24998875596,5015.8477858795395
store_84,2015-07-26,0.0,37526.387508790605,33416.084848755694,9535.741796054343,5019.964859359439
store_84,2015-08-02,0.0,37121.76682264602,33443.56024520713,9421.172355751523,5024.081932839338
store_84,2015-08-09,0.0,35548.57470793001,33471.03564165858,8977.419810828893,5028.199006319237
store_84,2015-08-16,0.0,37786.95402178543,33498.511038110024,9607.375629520093,5032.316079799137
store_84,2015-08-23,0.0,35696.76190706942,33525.98643456146,9017.98571838486,5036.433153279035
store_84,2015-08-30,0.0,37827.28407806769,33553.46183101291,9617.558499913717,5040.5502267589345
store_84,2015-09-06,0.0,35793.806249065965,33580.937227464354,9044.144834809544,5044.667300238833
store_85,2015-07-19,0.0,34972.10687483354,32224.826982754093,9913.836678956928,5690.603935545427
store_85,2015-07-26,0.0,37486.28789991533,32224.826982754093,10778.675992640861,5690.603935545427
store_85,2015-08-02,0.0,36982.46892499712,32224.826982754093,10604.68419030701,5690.603935545427
store_85,2015-08-09,0.0,35254.36423579319,32224.826982754093,10009.27883764312,5690.603935545427
store_85,2015-08-16,0.0,37689.973832303556,32224.826982754093,10847.072940979151,5690.603935545427
store_85,2015-08-23,0.0,35602.2977145282,32224.826982754093,10127.898871141317,5690.603935545427
store_85,2015-08-30,0.0,37672.478739609985,32224.826982754093,10839.908159804741,5690.603935545427
store_85,2015-09-06,0.0,35371.65976469177,32224.826982754093,10047.367810259506,5690.603935545427
store_86,2015-07-19,0.0,37558.16577083577,31457.8174601944,9793.29516531739,4732.923567240044
store_86,2015-07-26,0.0,40244.31494848451,37705.01286961909,10643.012967600245,5675.254265905263
store_86,2015-08-02,0.0,39807.3212689904,36664.874945710435,10503.40575958803,5518.339764093915
store_86,2015-08-09,0.0,38580.61330378201,33782.07035513512,10113.638975283106,5083.471394007274
store_86,2015-08-16,0.0,41049.333910002184,39521.93243122647,10894.481438362362,5949.274272933892
store_86,2015-08-23,0.0,39633.05451622236,36196.79450731783,10444.663684856929,5447.682895755841
store_86,2015-08-30,0.0,40519.632265299675,38244.98991674251,10724.327184940214,5756.622697412401
store_86,2015-09-06,0.0,37933.49572866271,32190.185326167197,9903.93114448453,4843.279470142748
store_87,2015-07-19,0.0,23366.186800852505,21565.906606569333,3073.0597143526675,1705.5372523314495
store_87,2015-07-26,0.0,25512.84219888958,21565.906606569333,3371.887390099272,1705.5372523314495
store_87,2015-08-02,0.0,24879.211882640942,21565.906606569333,3283.6657657799938,1705.5372523314495
store_87,2015-08-09,0.0,23242.152994963737,21565.906606569333,3055.7547835497726,1705.5372523314495
store_87,2015-08-16,0.0,25179.094107286528,21565.906606569333,3325.3877016919837,1705.5372523314495
store_87,2015-08-23,0.0,23709.320933895033,21565.906606569333,3120.764908259273,1705.5372523314495
store_87,2015-08-30,0.0,25679.54776050354,21565.906606569333,3395.031599236514,1705.5372523314495
store_87,2015-09-06,0.0,23653.06030139776,21565.906606569333,3112.9074635801494,1705.5372523314495
store_88,2015-07-19,0.0,27171.155764315434,26076.274391545176,2612.2377202376515,1444.4083793130117
store_88,2015-07-26,0.0,30120.051075111507,26076.274391545176,2922.5203396453107,1444.4083793130117
store_88,2015-08-02,0.0,29684.374957336157,26076.274391545176,2877.3528561739313,1444.4083793130117
store_88,2015-08-09,0.0,27566.555982417944,26076.274391545176,2655.525531346792,1444.4083793130117
store_88,2015-08-16,0.0,29933.022721785444,26076.274391545176,2904.6410872124184,1444.4083793130117
store_88,2015-08-23,0.0,27357.632318295808,26076.274391545176,2634.7592849447265,1444.4083793130117
store_88,2015-08-30,0.0,30466.95620052045,26076.274391545176,2961.890227226485,1444.4083793130117
store_88,2015-09-06,0.0,27250.280082745096,26076.274391545176,2624.660142339175,1444.4083793130117
store_89,2015-07-19,0.0,39467.37419689291,35765.17338053638,10745.986448711808,5373.5065965775975
store_89,2015-07-26,0.0,41295.84472044429,35768.904856609195,11297.538750487003,5374.0581808247925
store_89,2015-08-02,0.0,40652.13206986137,35772.54225970198,11101.670192786774,5374.595859268262
store_89,2015-08-09,0.0,38976.23726156217,35776.08796145678,10593.73948826934,5375.119982482515
store_89,2015-08-16,0.0,40546.73271491157,35779.544273724976,11067.296948910638,5375.630892203848
store_89,2015-08-23,0.0,38758.905110010186,35782.91345007466,10525.524926702616,5376.128921553156
store_89,2015-08-30,0.0,41664.183959752634,35786.19768725997,11402.630001590267,5376.614395253138
store_89,2015-09-06,0.0,39431.713039012866,35789.39912665343,10726.42757237725,5377.08762984002
store_9,2015-07-19,0.0,22808.67554188485,21469.40323640817,4249.701876637328,2404.465118817495
store_9,2015-07-26,0.0,23952.178268166204,21469.40323640817,4495.560100151268,2404.465118817495
store_9,2015-08-02,0.0,23896.395280161843,21469.40323640817,4483.651333082935,2404.465118817495
store_9,2015-08-09,0.0,22889.326577871765,21469.40323640817,4267.27914846995,2404.465118817495
store_9,2015-08-16,0.0,24305.68644701026,21469.40323640817,4571.7835842545455,2404.465118817495
store_9,2015-08-23,0.0,22928.9034590059,21469.40323640817,4275.947317255983,2404.465118817495
store_9,2015-08-30,0.0,24192.120471001537,21469.40323640817,4547.536182593383,2404.465118817495
store_9,2015-09-06,0.0,23000.051768711463,21469.40323640817,4291.401251964431,2404.465118817495
store_90,2015-07-19,0.0,42308.23907678871,34389.422985789446,9107.663773729064,4326.418700013921
store_90,2015-07-26,0.0,44297.58258823909,39026.75631912278,9629.101861468567,4893.507477573872
store_90,2015-08-02,0.0,44266.49752826091,38949.75631912278,9620.722377441092,4884.0913255025425
store_90,2015-08-09,0.0,42567.983896854144,34982.08965245611,9175.092614288666,4398.89453716901
store_90,2015-08-16,0.0,45267.47026544738,41276.422985789446,9882.751669945417,5168.614015796423
store_90,2015-08-23,0.0,42457.242348326334,34714.75631912278,9145.596746396284,4366.202961579369
store_90,2015-08-30,0.0,45105.44300263386,40889.422985789446,9839.807134283516,5121.288680061294
store_90,2015-09-06,0.0,42558.78651408424,34942.75631912278,9171.768623087495,4394.084554725646
store_91,2015-07-19,0.0,36240.92580237011,32680.035523596423,11509.194947801763,6461.4276753370905
store_91,2015-07-26,0.0,37709.24967385042,32680.999875116628,11966.915074373994,6461.615952346077
store_91,2015-08-02,0.0,37872.55960536039,32681.93170003938,12017.02100660256,6461.7978789627505
store_91,2015-08-09,0.0,36447.28463850963,32682.832095453767,11570.941178568766,6461.973669379393
store_91,2015-08-16,0.0,37300.85379904903,32683.7021214452,11836.642815576433,6462.143530563801
store_91,2015-08-23,0.0,36146.69609740565,32684.54280234347,11475.24241259693,6462.307662502955
store_91,2015-08-30,0.0,37689.38338634242,32685.355127928768,11956.183500135376,6462.466258438481
store_91,2015-09-06,0.0,35800.6303614576,32686.140054597006,11365.334663157273,6462.619505094161
store_92,2015-07-19,0.0,24429.798729340677,20937.993790853434,6924.994413635905,3438.7072271066745
store_92,2015-07-26,0.0,25927.225119744166,24431.993790853434,7427.205898828594,4001.9935109029248
store_92,2015-08-02,0.0,25877.36579586194,24315.660457520098,7410.48422261092,3983.23879681736
store_92,2015-08-09,0.0,24255.36361483686,20530.993790853434,6866.492724463503,3373.092597025085
store_92,2015-08-16,0.0,25510.075719526063,23458.660457520098,7287.301989987075,3845.0772784391725
store_92,2015-08-23,0.0,24208.216395643838,20420.993790853434,6850.6809299082215,3355.35891321925
store_92,2015-08-30,0.0,25946.49992890447,24476.993790853434,7433.671780823178,4009.2481997325845
store_92,2015-09-06,0.0,24657.92631930796,21470.327124186766,7001.506522056407,3524.527509039761
store_93,2015-07-19,0.0,31030.72606734147,29532.62545484003,7754.406852932594,4577.709885860251
store_93,2015-07-26,0.0,32252.345886644718,29544.336330924194,8105.244323358774,4579.529402752498
store_93,2015-08-02,0.0,31730.10856309082,29556.047207008356,7955.162591270888,4581.3489196447445
store_93,2015-08-09,0.0,31140.442668108353,29567.75808309252,7785.712147494082,4583.168436536993
store_93,2015-08-16,0.0,32626.776773125886,29579.468959176687,8212.588225461719,4584.9879534292395
store_93,2015-08-23,0.0,31350.253735286275,29591.179835260853,7845.839549057107,4586.807470321486
store_93,2015-08-30,0.0,32729.87355458952,29602.89071134502,8242.062178652663,4588.626987213734
store_93,2015-09-06,0.0,31441.636231035623,29614.601587429184,7871.948598946162,4590.44650410598
store_94,2015-07-19,0.0,34297.82320645316,30374.149822690968,6646.473792667304,3295.1976983336954
store_94,2015-07-26,0.0,36663.153631753055,30374.149822690968,7180.402793738442,3295.1976983336954
store_94,2015-08-02,0.0,36319.341199910086,30374.149822690968,7102.1850353745795,3295.1976983336954
store_94,2015-08-09,0.0,33864.38591092426,30374.149822690968,6546.942134059314,3295.1976983336954
store_94,2015-08-16,0.0,36104.716336224155,30374.149822690968,7052.626650079533,3295.1976983336954
store_94,2015-08-23,0.0,33453.475332952614,30374.149822690968,6453.0318373814525,3295.1976983336954
store_94,2015-08-30,0.0,36530.52004396679,30374.149822690968,7147.7768664796495,3295.1976983336954
store_94,2015-09-06,0.0,34093.1361835524,30374.149822690968,6596.504332777256,3295.1976983336954
store_95,2015-07-19,0.0,23082.655275349556,21849.69182568841,3942.2360889899232,1995.3815698727417
store_95,2015-07-26,0.0,24907.014053975512,21849.69182568841,4259.610845250487,1995.3815698727417
store_95,2015-08-02,0.0,24328.801404030037,21849.69182568841,4159.303186501365,1995.3815698727417
store_95,2015-08-09,0.0,23482.874468370275,21849.69182568841,4012.4539148536755,1995.3815698727417
store_95,2015-08-16,0.0,24266.80467556766,21849.69182568841,4148.95216805112,1995.3815698727417
store_95,2015-08-23,0.0,23563.877739907897,21849.69182568841,4026.9631709559744,1995.3815698727417
store_95,2015-08-30,0.0,24652.807947105284,21849.69182568841,4216.485086660595,1995.3815698727417
store_95,2015-09-06,0.0,23202.45244001695,21849.69182568841,3964.5570721239774,1995.3815698727417
store_96,2015-07-19,0.0,32969.19617036465,29176.335593446267,8302.278753300907,4200.1957816070135
store_96,2015-07-26,0.0,35457.53422925233,29176.335593446267,8995.974997531832,4200.1957816070135
store_96,2015-08-02,0.0,35004.87228814,29176.335593446267,8869.224051492998,4200.1957816070135
store_96,2015-08-09,0.0,32643.78177559911,29176.335593446267,8210.081109786332,4200.1957816070135
store_96,2015-08-16,0.0,34441.4055487725,29176.335593446267,8711.089630456063,4200.1957816070135
store_96,2015-08-23,0.0,32574.60075051732,29176.335593446267,8189.836972828347,4200.1957816070135
store_96,2015-08-30,0.0,34566.22452369071,29176.335593446267,8744.965437364905,4200.1957816070135
store_96,2015-09-06,0.0,32404.848296864104,29176.335593446267,8141.5365468554555,4200.1957816070135
store_97,2015-07-19,0.0,33721.586367191994,23053.118826246966,10034.317359997996,4552.915669769702
store_97,2015-07-26,0.0,22909.316341533715,23017.5727358433,7346.265753720281,4546.237710873771
store_97,2015-08-02,0.0,21203.90345873258,22982.026645439637,6920.719715843568,4539.55975197784
store_97,2015-08-09,0.0,24370.77629021716,22946.480555035974,7705.643260006834,4532.88179308191
store_97,2015-08-16,0.0,26628.934835987457,22910.934464632308,8264.806028606963,4526.203834185978
store_97,2015-08-23,0.0,25093.23623890061,22875.38837422864,7881.423770225456,4519.525875290046
store_97,2015-08-30,0.0,26874.53764181376,22839.84228382498,8322.116256035184,4512.847916394116
store_97,2015-09-06,0.0,25151.839044726912,22804.296193421316,7892.275759135811,4506.169957498185
store_98,2015-07-19,0.0,18749.491873023788,17027.651520516065,3736.6579329421784,1901.6898068030548
store_98,2015-07-26,0.0,20211.8392908985,17018.299312350955,4017.6680478595104,1900.630864083913
store_98,2015-08-02,0.0,19777.32956591607,17008.947104185845,3934.312132098513,1899.5719213647712
store_98,2015-08-09,0.0,18634.391269505068,16999.594896020735,3714.8746418433275,1898.5129786456296
store_98,2015-08-16,0.0,19666.167258808353,16990.24268785563,3913.1765765780656,1897.454035926488
store_98,2015-08-23,0.0,18749.086105254497,16980.89047969052,3737.1238351180627,1896.395093207346
store_98,2015-08-30,0.0,20132.576380272065,16971.53827152541,4002.9863337577594,1895.3361504882043
store_98,2015-09-06,0.0,18724.35236957535,16962.1860633603,3732.5902865685734,1894.2772077690627
store_99,2015-07-19,0.0,34616.444423188186,32562.15912484368,5752.779545606008,3175.825874775946
store_99,2015-07-26,0.0,36940.39207858622,32562.15912484368,6195.679242185214,3175.825874775946
store_99,2015-08-02,0.0,36354.62544826997,32562.15912484368,6085.085213876249,3175.825874775946
store_99,2015-08-09,0.0,34575.14453223944,32562.15912484368,5747.419624041088,3175.825874775946
store_99,2015-08-16,0.0,36971.80647335176,32562.15912484368,6204.151228808044,3175.825874775946
store_99,2015-08-23,0.0,34779.89698589266,32562.15912484368,5788.032360116238,3175.825874775946
store_99,2015-08-30,0.0,37473.98749843355,32562.15912484368,6301.3416325588205,3175.825874775946
store_99,2015-09-06,0.0,34509.22086811731,32562.15912484368,5738.2077868616625,3175.825874775946
